title,url
湖北祥云（集团）化工股份有限公司首次公开发行股票申请文件反馈意见,http://www.csrc.gov.cn/pub/newsite/fxjgb/scgkfxfkyj/202004/P020200417650171534856.doc
广东天禾农资股份有限公司首次公开发行股票申请文件反馈意见,http://www.csrc.gov.cn/pub/newsite/fxjgb/scgkfxfkyj/202004/P020200417651339491140.doc
北京正和恒基滨水生态环境治理股份有限公司首次公开发行股票申请文件反馈意见,http://www.csrc.gov.cn/pub/newsite/fxjgb/scgkfxfkyj/202004/P020200417663647382423.doc
中际联合（北京）科技股份有限公司首次公开发行股票申请文件反馈意见,http://www.csrc.gov.cn/pub/newsite/fxjgb/scgkfxfkyj/202004/P020200424667579958725.doc
广州九恒条码股份有限公司首次公开发行股票申请文件反馈意见,http://www.csrc.gov.cn/pub/newsite/fxjgb/scgkfxfkyj/202004/P020200417651024029762.doc
四川菊乐食品股份有限公司首次公开发行股票申请文件反馈意见,http://www.csrc.gov.cn/pub/newsite/fxjgb/scgkfxfkyj/202004/P020200424671801645095.doc
广东金源照明科技股份有限公司创业板首次公开发行股票申请文件反馈意见,http://www.csrc.gov.cn/pub/newsite/fxjgb/scgkfxfkyj/202004/P020200417651718550125.doc
浙江泰坦股份有限公司首次公开发行股票申请文件反馈意见,http://www.csrc.gov.cn/pub/newsite/fxjgb/scgkfxfkyj/202004/P020200424666817611252.doc
上海灿星文化传媒股份有限公司创业板首次公开发行股票申请文件反馈意见,http://www.csrc.gov.cn/pub/newsite/fxjgb/scgkfxfkyj/202004/P020200424667195102199.doc
广东顺控发展股份有限公司首次公开发行股票申请文件反馈意见,http://www.csrc.gov.cn/pub/newsite/fxjgb/scgkfxfkyj/202004/P020200424668626661958.doc
苏州林华医疗器械股份有限公司首次公开发行股票申请文件反馈意见,http://www.csrc.gov.cn/pub/newsite/fxjgb/scgkfxfkyj/202004/P020200430828455789138.doc
税友软件集团股份有限公司首次公开发行股票申请文件反馈意见,http://www.csrc.gov.cn/pub/newsite/fxjgb/scgkfxfkyj/202004/P020200424669308842290.doc
河北中瓷电子科技股份有限公司首次公开发行股票申请文件反馈意见,http://www.csrc.gov.cn/pub/newsite/fxjgb/scgkfxfkyj/202004/P020200424668296979477.doc
江苏同力日升机械股份有限公司首次公开发行股票申请文件反馈意见,http://www.csrc.gov.cn/pub/newsite/fxjgb/scgkfxfkyj/202004/P020200424669099167633.doc
合肥立方制药股份有限公司首次公开发行股票申请文件反馈意见,http://www.csrc.gov.cn/pub/newsite/fxjgb/scgkfxfkyj/202004/P020200430833424536125.doc
德才装饰股份有限公司首次公开发行股票申请文件反馈意见,http://www.csrc.gov.cn/pub/newsite/fxjgb/scgkfxfkyj/202004/P020200430829483123663.doc
天阳宏业科技股份有限公司创业板首次公开发行股票申请文件反馈意见,http://www.csrc.gov.cn/pub/newsite/fxjgb/scgkfxfkyj/202005/P020200508634477321611.doc
成都大宏立机器股份有限公司创业板首次公开发行股票申请文件反馈意见,http://www.csrc.gov.cn/pub/newsite/fxjgb/scgkfxfkyj/202006/P020200605644538818373.doc
陕西红星美羚乳业股份有限公司创业板首次公开发行股票申请文件反馈意见,http://www.csrc.gov.cn/pub/newsite/fxjgb/scgkfxfkyj/202006/P020200605649121280784.doc
龙岩高岭土股份有限公司首次公开发行股票申请文件反馈意见,http://www.csrc.gov.cn/pub/newsite/fxjgb/scgkfxfkyj/202006/P020200612564370752926.doc
